gbifID,Species,Longitude,Latitude
891126048,Amazona oratrix,-88.475974,17.606797
891115567,Amazona oratrix,-97.727205,23.562161
5024037860,Amazona oratrix,-88.176834,17.407322
4440780667,Amazona oratrix,-92.022693,18.382104
4405272765,Amazona oratrix,-92.235635,17.97587
4266275503,Amazona oratrix,-87.05108,20.676765
4242862504,Amazona oratrix,-87.12798,20.676765
4179343099,Amazona oratrix,-87.0927,20.607557
4169279536,Amazona oratrix,-94.62972,16.45139
4169261357,Amazona oratrix,-97.71667,15.98333
4169243806,Amazona oratrix,-97.71667,15.98333
4169234057,Amazona oratrix,-97.71667,15.98333
3988443694,Amazona oratrix,-88.636258,17.740082
3858827095,Amazona oratrix,-88.643541,17.657826
3764188538,Amazona oratrix,-95.09694,16.884879
3306367955,Amazona oratrix,-92.10355844,18.35383195
3306367919,Amazona oratrix,-92.01631851,18.2387909
3306367609,Amazona oratrix,-92.13990841,18.25259986
3306367556,Amazona oratrix,-92.13990841,18.21922634
3306367364,Amazona oratrix,-91.92786692,18.38028057
3306367273,Amazona oratrix,-92.11082843,18.16051946
3306367208,Amazona oratrix,-92.12294509,18.12137057
3306366856,Amazona oratrix,-91.93998358,18.63995051
3306366806,Amazona oratrix,-92.12415675,18.05802295
3306366730,Amazona oratrix,-92.03207017,18.29977217
3306366425,Amazona oratrix,-91.89759477,18.60169708
3306366307,Amazona oratrix,-92.1835195,18.62815867
3306366225,Amazona oratrix,-92.28962439,18.65567435
3306366179,Amazona oratrix,-92.09193424,18.10027426
3306365960,Amazona oratrix,-92.12432415,18.15653125
3306365935,Amazona oratrix,-92.19692222,18.61757453
3306365855,Amazona oratrix,-92.02715441,18.34321674
3306365841,Amazona oratrix,-92.11873968,18.36865828
3306365821,Amazona oratrix,-91.87302311,18.36229824
3306365813,Amazona oratrix,-92.11650589,18.24459542
3306365741,Amazona oratrix,-92.12990861,18.66308166
3306365734,Amazona oratrix,-92.02603752,18.23504844
3306365306,Amazona oratrix,-92.07183015,18.22444008
3306365182,Amazona oratrix,-92.09640181,18.19473322
3306365070,Amazona oratrix,-91.90764681,18.22125745
3306365050,Amazona oratrix,-92.40569568,18.64009986
3306364706,Amazona oratrix,-92.43271469,18.62303118
3306364644,Amazona oratrix,-92.35766189,18.61022855
3306364103,Amazona oratrix,-92.46874003,18.63441049
3306363823,Amazona oratrix,-91.89983981,18.60880598
3306363568,Amazona oratrix,-91.34294803,18.80785026
3306363475,Amazona oratrix,-91.8352944,18.36679619
3306363315,Amazona oratrix,-92.33364499,18.58319762
3306363269,Amazona oratrix,-92.36816928,18.59031144
3306363240,Amazona oratrix,-91.90884615,18.31835333
3306363122,Amazona oratrix,-92.02442746,18.56612324
3306363101,Amazona oratrix,-91.92535776,18.30980318
3306363100,Amazona oratrix,-91.797768,18.25706793
3306363055,Amazona oratrix,-91.83979757,18.17436965
3306363031,Amazona oratrix,-91.98239789,18.19718689
3306363009,Amazona oratrix,-92.31263021,18.580352
3306362957,Amazona oratrix,,
3306362955,Amazona oratrix,,
3306362631,Amazona oratrix,,
3306362560,Amazona oratrix,,
3306362431,Amazona oratrix,,
3306362240,Amazona oratrix,,
3306362217,Amazona oratrix,,
3306361816,Amazona oratrix,,
3306361562,Amazona oratrix,,
3306361535,Amazona oratrix,,
3306361163,Amazona oratrix,,
3306360894,Amazona oratrix,,
3306360869,Amazona oratrix,,
3306360615,Amazona oratrix,,
3306360606,Amazona oratrix,,
3306360583,Amazona oratrix,,
3306360074,Amazona oratrix,,
3306360004,Amazona oratrix,,
3306359962,Amazona oratrix,,
3306359956,Amazona oratrix,,
3306359628,Amazona oratrix,,
3306359578,Amazona oratrix,,
3306359421,Amazona oratrix,,
3306359147,Amazona oratrix,,
3306359108,Amazona oratrix,,
3306359045,Amazona oratrix,,
3306358902,Amazona oratrix,,
3306358837,Amazona oratrix,,
3306358769,Amazona oratrix,,
3306358622,Amazona oratrix,-92.1084866,18.46648866
3306357975,Amazona oratrix,-92.35916294,18.61022855
3306357885,Amazona oratrix,-92.13850771,18.13157929
3306357693,Amazona oratrix,-92.1084866,18.10447331
3306357610,Amazona oratrix,-92.13250349,18.33117776
3306357590,Amazona oratrix,-92.1084866,18.35682377
3306357401,Amazona oratrix,-92.11148871,18.40525584
3306356975,Amazona oratrix,-92.1084866,18.31692833
3306356938,Amazona oratrix,-92.16402567,18.11303354
3306356866,Amazona oratrix,-92.14901511,18.0202754
3306356865,Amazona oratrix,-92.18504045,18.08592469
3306356768,Amazona oratrix,-92.10098131,18.03169443
3306356578,Amazona oratrix,-92.20005101,18.11588686
3306356142,Amazona oratrix,-92.25108691,17.99457988
3306355902,Amazona oratrix,-92.2480848,18.14013819
3306355858,Amazona oratrix,-92.22707002,18.12872622
3306355710,Amazona oratrix,-92.25859219,18.27559836
3306355166,Amazona oratrix,,
3306355075,Amazona oratrix,,
3306354792,Amazona oratrix,,
3306354763,Amazona oratrix,,
3306354016,Amazona oratrix,,
3306353987,Amazona oratrix,,
3306353961,Amazona oratrix,,
3306353759,Amazona oratrix,,
3306353671,Amazona oratrix,,
3306352898,Amazona oratrix,,
3306352576,Amazona oratrix,,
3306352240,Amazona oratrix,,
3306352115,Amazona oratrix,,
3306351967,Amazona oratrix,,
3306351938,Amazona oratrix,,
3306351924,Amazona oratrix,-92.3733914,18.60487269
3306351834,Amazona oratrix,-92.41471646,18.62604189
3306351821,Amazona oratrix,-91.7200087,18.4481389
3306351736,Amazona oratrix,-91.98918003,18.48627655
3306351733,Amazona oratrix,-92.10868764,18.10133588
3306351655,Amazona oratrix,-92.29520885,18.55829117
3306351436,Amazona oratrix,-91.91434817,18.35699804
3306351331,Amazona oratrix,-92.2538838,18.61122373
3306351190,Amazona oratrix,-92.25946826,18.64297536
3306351129,Amazona oratrix,-91.87414,18.31565084
3306350962,Amazona oratrix,-91.75239861,18.45343631
3306350951,Amazona oratrix,-91.80154193,18.43966272
3306350841,Amazona oratrix,-92.17235057,18.43754361
3306350792,Amazona oratrix,-92.0986356,18.2795965
3306350621,Amazona oratrix,-92.09975249,18.20852632
3306350435,Amazona oratrix,-92.10980453,18.18093903
3306350420,Amazona oratrix,-92.08970045,18.14804079
3306350390,Amazona oratrix,-91.99253071,18.61651608
3306350336,Amazona oratrix,-92.01821926,18.60487269
3306350311,Amazona oratrix,-92.1667661,18.62286668
3118243482,Amazona oratrix,-88.550262,17.757994
3079763303,Amazona oratrix,-96.467125,19.385589
3079690303,Amazona oratrix,-96.555125,19.314469
3079631304,Amazona oratrix,-96.518156,19.347976
2634613035,Amazona oratrix,-95.361301,18.3589
2630717339,Amazona oratrix,-100.683333,22.6
2630707540,Amazona oratrix,-97.766667,23.783333
2630697276,Amazona oratrix,-91.996667,17.858333
2629798606,Amazona oratrix,-98.895278,22.278611
2629797434,Amazona oratrix,-98.951667,22.227222
2629796788,Amazona oratrix,-98.951667,22.271389
2629796006,Amazona oratrix,-98.894722,22.278611
2629795719,Amazona oratrix,-98.953055,22.271111
2629795448,Amazona oratrix,-98.950555,22.2275
2629793580,Amazona oratrix,-98.895,22.280833
2620000030,Amazona oratrix,-88.583464,16.759315
2609123701,Amazona oratrix,-92.572863,18.452128
2609098983,Amazona oratrix,-93.108454,18.471951
2563569394,Amazona oratrix,-97.800305,22.913227
2563523315,Amazona oratrix,-97.90951,22.863761
2563519510,Amazona oratrix,-97.811524,22.953875
2563519315,Amazona oratrix,-97.865495,22.888473
2563519297,Amazona oratrix,-97.952919,22.810746
2563519258,Amazona oratrix,-97.861459,22.836414
2563518573,Amazona oratrix,-97.891199,22.945361
2563513113,Amazona oratrix,-97.857802,22.952471
2563511783,Amazona oratrix,-97.808436,22.94317
2563511230,Amazona oratrix,-97.976117,22.949719
2549995523,Amazona oratrix,-88.642611,17.686609
2429621379,Amazona oratrix,-97.75485,23.513261
2275308449,Amazona oratrix,-88.763496,16.1598
2275308363,Amazona oratrix,-88.763901,16.163401
2275307991,Amazona oratrix,-88.763298,16.1581
2275306828,Amazona oratrix,-88.733002,16.271799
2275306757,Amazona oratrix,-88.731903,16.2789
2275306724,Amazona oratrix,-88.733002,16.271799
2275306722,Amazona oratrix,-88.732201,16.2771
2275306706,Amazona oratrix,-88.732803,16.2736
2275306684,Amazona oratrix,-88.733002,16.271799
2275306296,Amazona oratrix,-88.732803,16.2736
2275306275,Amazona oratrix,-88.731697,16.280701
2275305604,Amazona oratrix,-88.731903,16.2789
2275305496,Amazona oratrix,-88.731697,16.280701
2275305487,Amazona oratrix,-88.732498,16.275299
2275305438,Amazona oratrix,-88.732803,16.2736
2275305395,Amazona oratrix,-88.732803,16.2736
2275289138,Amazona oratrix,-88.5868,16.370501
2275289096,Amazona oratrix,-88.5923,16.3752
2275289091,Amazona oratrix,-88.588203,16.371599
2275289081,Amazona oratrix,-88.5868,16.370501
2275289070,Amazona oratrix,-88.590897,16.374001
2275289047,Amazona oratrix,-88.588203,16.371599
2275289023,Amazona oratrix,-88.593697,16.3764
2275288985,Amazona oratrix,-88.590897,16.374001
2275288959,Amazona oratrix,-88.5923,16.3752
2275288958,Amazona oratrix,-88.5895,16.372801
2275288952,Amazona oratrix,-88.5923,16.3752
2275288936,Amazona oratrix,-88.588203,16.371599
2275288926,Amazona oratrix,-88.593697,16.3764
2275288923,Amazona oratrix,-88.5868,16.370501
2275288919,Amazona oratrix,-88.5868,16.370501
2275288897,Amazona oratrix,-88.593697,16.3764
2275288878,Amazona oratrix,-88.593697,16.3764
2275288861,Amazona oratrix,-88.590897,16.374001
2275288858,Amazona oratrix,-88.5923,16.3752
2275288857,Amazona oratrix,-88.5895,16.372801
2275288856,Amazona oratrix,-88.5868,16.370501
2275288850,Amazona oratrix,-88.593697,16.3764
2275288829,Amazona oratrix,-88.593697,16.3764
2275288819,Amazona oratrix,-88.588203,16.371599
2275288808,Amazona oratrix,-88.5895,16.372801
2275288777,Amazona oratrix,-88.588203,16.371599
2275288773,Amazona oratrix,-88.590897,16.374001
2275288768,Amazona oratrix,-88.5868,16.370501
2275288753,Amazona oratrix,-88.5868,16.370501
2275288746,Amazona oratrix,-88.590897,16.374001
2275288745,Amazona oratrix,-88.5895,16.372801
2275288738,Amazona oratrix,-88.588203,16.371599
2275288727,Amazona oratrix,-88.588203,16.371599
2275288723,Amazona oratrix,-88.5868,16.370501
2275288710,Amazona oratrix,-88.590897,16.374001
2275288703,Amazona oratrix,-88.588203,16.371599
2275288696,Amazona oratrix,-88.5895,16.372801
2275288640,Amazona oratrix,-88.5895,16.372801
2275288639,Amazona oratrix,-88.5868,16.370501
2275288633,Amazona oratrix,-88.5868,16.370501
2275288595,Amazona oratrix,-88.588203,16.371599
2275288540,Amazona oratrix,-88.5868,16.370501
2275288536,Amazona oratrix,-88.593697,16.3764
2275288447,Amazona oratrix,-88.5895,16.372801
2275288397,Amazona oratrix,-88.588203,16.371599
2275288393,Amazona oratrix,-88.5868,16.370501
2275288389,Amazona oratrix,-88.5895,16.372801
2275288370,Amazona oratrix,-88.590897,16.374001
2275288356,Amazona oratrix,-88.5868,16.370501
2275288341,Amazona oratrix,-88.5868,16.370501
2275288319,Amazona oratrix,-88.590897,16.374001
2275288316,Amazona oratrix,-88.593697,16.3764
2275288291,Amazona oratrix,-88.590897,16.374001
2275288286,Amazona oratrix,-88.5868,16.370501
2275288269,Amazona oratrix,-88.590897,16.374001
2275288268,Amazona oratrix,-88.588203,16.371599
2275288236,Amazona oratrix,-88.5868,16.370501
2275288225,Amazona oratrix,-88.5923,16.3752
2275288208,Amazona oratrix,-88.5868,16.370501
2275288170,Amazona oratrix,-88.5895,16.372801
2275288165,Amazona oratrix,-88.5868,16.370501
2275288160,Amazona oratrix,-88.5895,16.372801
2275288155,Amazona oratrix,-88.593697,16.3764
2275288152,Amazona oratrix,-88.5868,16.370501
2275288135,Amazona oratrix,-88.5923,16.3752
2275288108,Amazona oratrix,-88.590897,16.374001
2275288080,Amazona oratrix,-88.5868,16.370501
2275288043,Amazona oratrix,-88.588203,16.371599
2275288023,Amazona oratrix,-88.593697,16.3764
2275288019,Amazona oratrix,-88.593697,16.3764
2275288016,Amazona oratrix,-88.590897,16.374001
2275288007,Amazona oratrix,-88.5923,16.3752
2275287994,Amazona oratrix,-88.588203,16.371599
2275287987,Amazona oratrix,-88.590897,16.374001
2275287984,Amazona oratrix,-88.593697,16.3764
2275287983,Amazona oratrix,-88.5868,16.370501
2275287979,Amazona oratrix,-88.593697,16.3764
2275287976,Amazona oratrix,-88.5923,16.3752
2275287966,Amazona oratrix,-88.5923,16.3752
2275287963,Amazona oratrix,-88.5895,16.372801
2275287957,Amazona oratrix,-88.588203,16.371599
2275287941,Amazona oratrix,-88.593697,16.3764
2275287936,Amazona oratrix,-88.5923,16.3752
2275287916,Amazona oratrix,-88.593697,16.3764
2275287912,Amazona oratrix,-88.5923,16.3752
2275287881,Amazona oratrix,-88.5868,16.370501
2275287873,Amazona oratrix,-88.5923,16.3752
2275287872,Amazona oratrix,-88.5895,16.372801
2275287869,Amazona oratrix,-88.5868,16.370501
2275287858,Amazona oratrix,-88.588203,16.371599
2275287838,Amazona oratrix,-88.5895,16.372801
2275287836,Amazona oratrix,-88.588203,16.371599
2275287821,Amazona oratrix,-88.590897,16.374001
2275287806,Amazona oratrix,-88.593697,16.3764
2275287792,Amazona oratrix,-88.5868,16.370501
2275287758,Amazona oratrix,-88.590897,16.374001
2275287752,Amazona oratrix,-88.5923,16.3752
2275287689,Amazona oratrix,-88.5868,16.370501
2275287684,Amazona oratrix,-88.5923,16.3752
2275287677,Amazona oratrix,-88.588203,16.371599
2275287650,Amazona oratrix,-88.5895,16.372801
2275287646,Amazona oratrix,-88.588203,16.371599
2275287594,Amazona oratrix,-88.5868,16.370501
2275287556,Amazona oratrix,-88.5895,16.372801
2275287551,Amazona oratrix,-88.5895,16.372801
2275287545,Amazona oratrix,-88.5868,16.370501
2275287524,Amazona oratrix,-88.590897,16.374001
2275287493,Amazona oratrix,-88.593697,16.3764
2275287477,Amazona oratrix,-88.588203,16.371599
2275287462,Amazona oratrix,-88.5895,16.372801
2275287427,Amazona oratrix,-88.5868,16.370501
2275287408,Amazona oratrix,-88.5923,16.3752
2275287373,Amazona oratrix,-88.588203,16.371599
2275287353,Amazona oratrix,-88.593697,16.3764
2275287341,Amazona oratrix,-88.588203,16.371599
2275287331,Amazona oratrix,-88.5868,16.370501
2275287312,Amazona oratrix,-88.5923,16.3752
2275287306,Amazona oratrix,-88.5868,16.370501
2275287302,Amazona oratrix,-88.593697,16.3764
2275287298,Amazona oratrix,-88.5868,16.370501
2275287289,Amazona oratrix,-88.588203,16.371599
2275287249,Amazona oratrix,-88.593697,16.3764
2275287237,Amazona oratrix,-88.588203,16.371599
2275287229,Amazona oratrix,-88.5923,16.3752
2275287225,Amazona oratrix,-88.590897,16.374001
2275287222,Amazona oratrix,-88.593697,16.3764
2275287221,Amazona oratrix,-88.588203,16.371599
2275287217,Amazona oratrix,-88.5923,16.3752
2275287216,Amazona oratrix,-88.5868,16.370501
2275287197,Amazona oratrix,-88.5868,16.370501
2275287160,Amazona oratrix,-88.590897,16.374001
2275287128,Amazona oratrix,-88.5868,16.370501
2275287117,Amazona oratrix,-88.5895,16.372801
2275287101,Amazona oratrix,-88.590897,16.374001
2275287100,Amazona oratrix,-88.5923,16.3752
2275287091,Amazona oratrix,-88.590897,16.374001
2275287079,Amazona oratrix,-88.5868,16.370501
2275287074,Amazona oratrix,-88.590897,16.374001
2275287073,Amazona oratrix,-88.5868,16.370501
2275287066,Amazona oratrix,-88.5923,16.3752
2275287065,Amazona oratrix,-88.590897,16.374001
2275287061,Amazona oratrix,-88.5895,16.372801
2275287060,Amazona oratrix,-88.5895,16.372801
2275287057,Amazona oratrix,-88.593697,16.3764
2275287040,Amazona oratrix,-88.590897,16.374001
2275287011,Amazona oratrix,-88.5868,16.370501
2275287002,Amazona oratrix,-88.5895,16.372801
2275286996,Amazona oratrix,-88.588203,16.371599
2275286984,Amazona oratrix,-88.5868,16.370501
2275286980,Amazona oratrix,-88.5895,16.372801
2275286966,Amazona oratrix,-88.5923,16.3752
2275286964,Amazona oratrix,-88.593697,16.3764
2275286962,Amazona oratrix,-88.588203,16.371599
2275286941,Amazona oratrix,-88.5923,16.3752
2275286915,Amazona oratrix,-88.5895,16.372801
2275286914,Amazona oratrix,-88.590897,16.374001
2275286905,Amazona oratrix,-88.593697,16.3764
2275286875,Amazona oratrix,-88.5895,16.372801
2275286864,Amazona oratrix,-88.590897,16.374001
2275286837,Amazona oratrix,-88.5895,16.372801
2275286818,Amazona oratrix,-88.5895,16.372801
2275286807,Amazona oratrix,-88.588203,16.371599
2275286804,Amazona oratrix,-88.5895,16.372801
2275286784,Amazona oratrix,-88.5868,16.370501
2275286781,Amazona oratrix,-88.588203,16.371599
2275286762,Amazona oratrix,-88.5895,16.372801
2275286760,Amazona oratrix,-88.593697,16.3764
2275286749,Amazona oratrix,-88.5868,16.370501
2275286734,Amazona oratrix,-88.5895,16.372801
2275286708,Amazona oratrix,-88.590897,16.374001
2275286654,Amazona oratrix,-88.5868,16.370501
2275286616,Amazona oratrix,-88.588203,16.371599
2275286592,Amazona oratrix,-88.590897,16.374001
2275286571,Amazona oratrix,-88.5868,16.370501
2275286562,Amazona oratrix,-88.590897,16.374001
2275286559,Amazona oratrix,-88.588203,16.371599
2275286558,Amazona oratrix,-88.5868,16.370501
2275286554,Amazona oratrix,-88.5895,16.372801
2275286552,Amazona oratrix,-88.5868,16.370501
2275286545,Amazona oratrix,-88.590897,16.374001
2275286517,Amazona oratrix,-88.5868,16.370501
2275286491,Amazona oratrix,-88.588203,16.371599
2275286442,Amazona oratrix,-88.590897,16.374001
2275286440,Amazona oratrix,-88.5923,16.3752
2275286192,Amazona oratrix,-88.715638,16.537595
2275286065,Amazona oratrix,-88.721405,16.533011
2275286012,Amazona oratrix,-88.717051,16.536444
2275285979,Amazona oratrix,-88.722988,16.531859
2275285931,Amazona oratrix,-88.71854,16.535275
2275285853,Amazona oratrix,-88.719964,16.534179
2275285844,Amazona oratrix,-88.71854,16.535275
2275285716,Amazona oratrix,-88.722988,16.531859
2275285600,Amazona oratrix,-88.715638,16.537595
2275285167,Amazona oratrix,-88.722988,16.531859
2275285140,Amazona oratrix,-88.715638,16.537595
2275284886,Amazona oratrix,-88.71854,16.535275
2275284875,Amazona oratrix,-88.715638,16.537595
2275284861,Amazona oratrix,-88.719964,16.534179
2275284840,Amazona oratrix,-88.722988,16.531859
2275284789,Amazona oratrix,-88.717051,16.536444
2275284768,Amazona oratrix,-88.722988,16.531859
2275284597,Amazona oratrix,-88.717051,16.536444
2275284568,Amazona oratrix,-88.719964,16.534179
2275284518,Amazona oratrix,-88.71854,16.535275
2275284514,Amazona oratrix,-88.722988,16.531859
2275284513,Amazona oratrix,-88.722988,16.531859
2275284496,Amazona oratrix,-88.717051,16.536444
2275284454,Amazona oratrix,-88.721405,16.533011
2275284446,Amazona oratrix,-88.719964,16.534179
2275284330,Amazona oratrix,-88.785166,16.328127
2275284281,Amazona oratrix,-88.722988,16.531859
2275284260,Amazona oratrix,-88.721405,16.533011
2275284178,Amazona oratrix,-88.717051,16.536444
2275284165,Amazona oratrix,-88.721405,16.533011
2275284126,Amazona oratrix,-88.71854,16.535275
2275284066,Amazona oratrix,-88.717051,16.536444
2275284054,Amazona oratrix,-88.715638,16.537595
2275283951,Amazona oratrix,-88.721405,16.533011
2275283868,Amazona oratrix,-88.71854,16.535275
2275283796,Amazona oratrix,-88.719964,16.534179
2275283765,Amazona oratrix,-88.722988,16.531859
2275283759,Amazona oratrix,-88.722988,16.531859
2275283712,Amazona oratrix,-88.785166,16.328127
2275283701,Amazona oratrix,-88.715638,16.537595
2275283691,Amazona oratrix,-88.71854,16.535275
2275283675,Amazona oratrix,-88.722988,16.531859
2275283668,Amazona oratrix,-88.71854,16.535275
2275283644,Amazona oratrix,-88.722988,16.531859
2275283642,Amazona oratrix,-88.715638,16.537595
2275283592,Amazona oratrix,-88.717051,16.536444
2275283553,Amazona oratrix,-88.715638,16.537595
2275283506,Amazona oratrix,-88.71854,16.535275
2275283485,Amazona oratrix,-88.717051,16.536444
2275283482,Amazona oratrix,-88.719964,16.534179
2275283410,Amazona oratrix,-88.719964,16.534179
2275283371,Amazona oratrix,-88.783383,16.34411
2275283334,Amazona oratrix,-88.719964,16.534179
2275283333,Amazona oratrix,-88.715638,16.537595
2275283289,Amazona oratrix,-88.71854,16.535275
2275283242,Amazona oratrix,-88.722988,16.531859
2275283194,Amazona oratrix,-88.783236,16.330981
2275283150,Amazona oratrix,-88.722988,16.531859
2275283138,Amazona oratrix,-88.715638,16.537595
2275283097,Amazona oratrix,-88.719964,16.534179
2275283027,Amazona oratrix,-88.722988,16.531859
2275282953,Amazona oratrix,-88.719964,16.534179
2275282942,Amazona oratrix,-88.719964,16.534179
2275282939,Amazona oratrix,-88.71854,16.535275
2275282890,Amazona oratrix,-88.717051,16.536444
2275282871,Amazona oratrix,-88.722988,16.531859
2275282862,Amazona oratrix,-88.715638,16.537595
2275282855,Amazona oratrix,-88.71854,16.535275
2275282841,Amazona oratrix,-88.715638,16.537595
2275282764,Amazona oratrix,-88.717051,16.536444
2275282741,Amazona oratrix,-88.719964,16.534179
2275282739,Amazona oratrix,-88.722988,16.531859
2275282680,Amazona oratrix,-88.717051,16.536444
2275282673,Amazona oratrix,-88.722988,16.531859
2275282665,Amazona oratrix,-88.783383,16.34411
2275282566,Amazona oratrix,-88.71854,16.535275
2275282500,Amazona oratrix,-88.719964,16.534179
2275282497,Amazona oratrix,-88.801826,16.409972
2275282470,Amazona oratrix,-88.719964,16.534179
2275282455,Amazona oratrix,-88.722988,16.531859
2275282397,Amazona oratrix,-88.724854,16.548959
2275282367,Amazona oratrix,-88.721405,16.533011
2275282300,Amazona oratrix,-88.805545,16.411232
2275282226,Amazona oratrix,-88.721405,16.533011
2275282219,Amazona oratrix,-88.715638,16.537595
2275282201,Amazona oratrix,-88.722988,16.531859
2275282172,Amazona oratrix,-88.71854,16.535275
2275282166,Amazona oratrix,-88.717051,16.536444
2275282119,Amazona oratrix,-88.719964,16.534179
2275282116,Amazona oratrix,-88.719964,16.534179
2275282064,Amazona oratrix,-88.71854,16.535275
2275282036,Amazona oratrix,-88.800327,16.409895
2275282000,Amazona oratrix,-88.715638,16.537595
2275281990,Amazona oratrix,-88.721405,16.533011
2275281947,Amazona oratrix,-88.722988,16.531859
2275281901,Amazona oratrix,-88.71854,16.535275
2275281895,Amazona oratrix,-88.721817,16.547692
2275281890,Amazona oratrix,-88.722988,16.531859
2275281878,Amazona oratrix,-88.71854,16.535275
2275281817,Amazona oratrix,-88.717051,16.536444
2275281794,Amazona oratrix,-88.71854,16.535275
2275281707,Amazona oratrix,-88.719964,16.534179
2275281703,Amazona oratrix,-88.723346,16.547986
2275281664,Amazona oratrix,-88.71854,16.535275
2275281660,Amazona oratrix,-88.719963,16.547843
2275281657,Amazona oratrix,-88.722988,16.531859
2275281646,Amazona oratrix,-88.71854,16.535275
2275281641,Amazona oratrix,-88.721405,16.533011
2275281632,Amazona oratrix,-88.715638,16.537595
2275281625,Amazona oratrix,-88.78154,16.34418
2275281608,Amazona oratrix,-88.716744,16.548285
2275281601,Amazona oratrix,-88.722988,16.531859
2275281582,Amazona oratrix,-88.715638,16.537595
2275281571,Amazona oratrix,-88.71854,16.535275
2275281569,Amazona oratrix,-88.798502,16.410995
2275281565,Amazona oratrix,-88.801826,16.409972
2275281526,Amazona oratrix,-88.805545,16.411232
2275281519,Amazona oratrix,-88.719964,16.534179
2275281483,Amazona oratrix,-88.719964,16.534179
2275281426,Amazona oratrix,-88.717051,16.536444
2275281423,Amazona oratrix,-88.719964,16.534179
2275281404,Amazona oratrix,-88.715638,16.537595
2275281385,Amazona oratrix,-88.71854,16.535275
2275281346,Amazona oratrix,-88.803535,16.410545
2275281336,Amazona oratrix,-88.71854,16.535275
2275281296,Amazona oratrix,-88.806808,16.412225
2275281241,Amazona oratrix,-88.798502,16.410995
2275281146,Amazona oratrix,-88.715638,16.537595
2275281001,Amazona oratrix,-88.810578,16.331778
2275280992,Amazona oratrix,-88.787175,16.344331
2275280978,Amazona oratrix,-88.715638,16.537595
2275280969,Amazona oratrix,-88.71854,16.535275
2275280782,Amazona oratrix,-88.715638,16.537595
2275280643,Amazona oratrix,-88.785226,16.344049
2275280633,Amazona oratrix,-88.782116,16.419999
2275280476,Amazona oratrix,-88.835474,16.387163
2275280475,Amazona oratrix,-88.71854,16.535275
2275280031,Amazona oratrix,-88.846607,16.410351
2275278869,Amazona oratrix,-88.841003,16.2262
2243701722,Amazona oratrix oratrix,-94.5653,18.0024
2243700409,Amazona oratrix oratrix,-94.5653,18.0024
2243688304,Amazona oratrix,-94.5653,18.0024
2243672394,Amazona oratrix oratrix,-94.5653,18.0024
2243635321,Amazona oratrix,-97.7,23.666667
2243634492,Amazona oratrix,-97.7,23.666667
2243634287,Amazona oratrix,-97.7,23.666667
2243633819,Amazona oratrix,-97.7,23.666667
2243569358,Amazona oratrix,-94.5653,18.0024
1897564389,Amazona oratrix,-92.507515,18.623195
1897564388,Amazona oratrix,-93.013084,18.01104
1897564386,Amazona oratrix,-96.870556,15.846944
1897564370,Amazona oratrix,-97.605278,16.315278
1897564369,Amazona oratrix,-97.905556,23.013889
1897564360,Amazona oratrix,-96.972222,15.883889
1897564352,Amazona oratrix,-92.214381,18.458794
1897564346,Amazona oratrix,-98.138889,21.886889
1897564338,Amazona oratrix,-97.894722,16.070278
1897564336,Amazona oratrix,-92.524311,18.613903
1897564333,Amazona oratrix,-93.904982,17.759572
1897564330,Amazona oratrix,-92.270696,18.385895
1897564329,Amazona oratrix,-96.197944,15.891361
1897564322,Amazona oratrix,-91.607833,17.49409
1897564319,Amazona oratrix,-93.026478,18.379455
1897564318,Amazona oratrix,-98.022222,16.331944
1897564316,Amazona oratrix,-98.275,16.475
1897564307,Amazona oratrix,-91.342911,17.772891
1897564304,Amazona oratrix,-97.619722,16.21
1897564302,Amazona oratrix,-91.925605,17.657966
1897564300,Amazona oratrix,-92.235227,18.34684
1897564298,Amazona oratrix,-92.843439,18.453686
1897564297,Amazona oratrix,-91.346098,17.772991
1897564296,Amazona oratrix,-92.174267,17.805583
1897564294,Amazona oratrix,-92.226578,18.304066
1897564293,Amazona oratrix,-97.6225,16.071944
1897564290,Amazona oratrix,-91.794571,17.764371
1897564287,Amazona oratrix,-96.072778,15.824722
1897564286,Amazona oratrix,-95.441667,16.154444
1897564285,Amazona oratrix,-97.758056,16.016944
1897564281,Amazona oratrix,-93.00103,18.020928
1897564279,Amazona oratrix,-97.847222,22.908889
1897564278,Amazona oratrix,-96.246389,15.908333
1897564274,Amazona oratrix,-93.002924,18.339082
1897564269,Amazona oratrix,-95.052222,17.311556
1897564267,Amazona oratrix,-95.114056,17.185306
1897564266,Amazona oratrix,-97.773056,15.998889
1897564265,Amazona oratrix,-93.903774,17.763211
1897564264,Amazona oratrix,-97.991389,16.758056
1897564263,Amazona oratrix,-96.74,15.858056
1897564261,Amazona oratrix,-92.512641,18.620895
1897564260,Amazona oratrix,-92.984477,18.034332
1897564257,Amazona oratrix,-94.780556,17.743333
1897564256,Amazona oratrix,-92.210912,18.303468
1897564254,Amazona oratrix,-92.179224,17.823282
1897564253,Amazona oratrix,-98.363056,23.638333
1897564251,Amazona oratrix,-96.074722,15.828056
1897564248,Amazona oratrix,-97.647222,16.196944
1897564246,Amazona oratrix,-97.901944,23.015556
1897564244,Amazona oratrix,-95.437778,16.418889
1897564242,Amazona oratrix,-96.174444,15.9225
1897564241,Amazona oratrix,-97.673056,16.020278
1897564239,Amazona oratrix,-97.62,16.174444
1897564238,Amazona oratrix,-92.256359,18.428949
1897564237,Amazona oratrix,-93.027906,18.370588
1897564228,Amazona oratrix,-99.241111,23.865833
1897564226,Amazona oratrix,-93.024235,18.383089
1897564225,Amazona oratrix,-95.071722,17.410389
1897564224,Amazona oratrix,-97.848611,22.895
1897564223,Amazona oratrix,-95.663889,16.026389
1897564222,Amazona oratrix,-98.040278,23.561667
1897564221,Amazona oratrix,-95.411111,16.305556
1897564219,Amazona oratrix,-97.801111,16.081389
1897564218,Amazona oratrix,-95.685,16.028333
1897564215,Amazona oratrix,-96.064167,15.820556
1897564213,Amazona oratrix,-92.259222,18.388436
1897564211,Amazona oratrix,-97.877778,16.198333
1897564210,Amazona oratrix,-98.300083,21.700667
1897564209,Amazona oratrix,-95.934722,15.924722
1897564208,Amazona oratrix,-96.6825,15.893889
1897564207,Amazona oratrix,-99.275556,21.799167
1897564205,Amazona oratrix,-97.521389,16.204444
1897564202,Amazona oratrix,-97.533333,16.166667
1897564201,Amazona oratrix,-95.062167,17.136361
1897564200,Amazona oratrix,-92.515532,18.620884
1897564199,Amazona oratrix,-96.959167,15.893889
1897564196,Amazona oratrix,-91.929096,17.662196
1897564194,Amazona oratrix,-98.38,23.630278
1897564191,Amazona oratrix,-92.749985,18.510789
1897564190,Amazona oratrix,-98.558889,23.770833
1897564189,Amazona oratrix,-96.098889,15.775
1897564188,Amazona oratrix,-97.531111,16.182222
1897564186,Amazona oratrix,-95.671944,15.988333
1897564185,Amazona oratrix,-92.176903,17.813113
1897564181,Amazona oratrix,-92.211167,18.467962
1897564180,Amazona oratrix,-95.967778,16.038611
1897564175,Amazona oratrix,-97.811944,16.15
1897564174,Amazona oratrix,-97.838333,22.896389
1897564172,Amazona oratrix,-98.050833,16.338056
1897564168,Amazona oratrix,-97.735833,16.171667
1897564167,Amazona oratrix,-92.241045,18.310631
1897564165,Amazona oratrix,-96.803333,15.757778
1897564164,Amazona oratrix,-92.299711,18.432711
1897564163,Amazona oratrix,-95.518333,16.101944
1897564162,Amazona oratrix,-96.063333,15.819722
1897564157,Amazona oratrix,-95.418333,16.418889
1897564156,Amazona oratrix,-97.719167,16.166944
1897564155,Amazona oratrix,-99.363889,22.860556
1897564153,Amazona oratrix,-92.236308,18.359334
1897564152,Amazona oratrix,-96.9375,15.921944
1897564151,Amazona oratrix,-91.794157,17.759904
1897564145,Amazona oratrix,-99.250278,23.854167
1897564140,Amazona oratrix,-95.043944,17.7745
1897564136,Amazona oratrix,-95.043556,17.105389
1897564126,Amazona oratrix,-91.56317,17.439552
1897564081,Amazona oratrix,-94.747917,17.204167
1897564075,Amazona oratrix,-93.022586,18.37227
1895606028,Amazona oratrix,-98.440911,23.218978
1895606008,Amazona oratrix,-98.483333,23.566667
1895605984,Amazona oratrix,-98.135761,23.370886
1895605967,Amazona oratrix,-98.375556,23.628056
1894877965,Amazona oratrix,-99.0655147,22.96227918
1894865031,Amazona oratrix,-98.103333,21.234722
1894865020,Amazona oratrix,-98.25,21.835278
1894865013,Amazona oratrix,-98.301667,21.615
1894865005,Amazona oratrix,-97.847222,22.911111
1894864971,Amazona oratrix,-98.18,25.925
1894864967,Amazona oratrix,-99.25,23.795
1894864957,Amazona oratrix,-99.23,24.033333
1894864950,Amazona oratrix,-97.847222,22.911111
1894864942,Amazona oratrix,-97.847222,22.911111
1894864930,Amazona oratrix,-98.221667,21.838333
1894864920,Amazona oratrix,-98.389722,21.546389
1894864907,Amazona oratrix,-97.847222,22.911111
1894864898,Amazona oratrix,-97.97,22.916667
1894864895,Amazona oratrix,-97.847222,22.911111
1894864894,Amazona oratrix,-97.847222,22.911111
1894864889,Amazona oratrix,-97.847222,22.911111
1894864878,Amazona oratrix,-98.37,21.72
1894864876,Amazona oratrix,-97.97,22.916667
1894864866,Amazona oratrix,-97.97,22.916667
1894864865,Amazona oratrix,-98.25,21.835278
1894864864,Amazona oratrix,-98.25,21.835278
1894864855,Amazona oratrix,-98.25,21.835278
1894864850,Amazona oratrix,-97.847222,22.911111
1894864848,Amazona oratrix,-97.97,22.916667
1894864839,Amazona oratrix,-98.221667,21.838333
1894864834,Amazona oratrix,-98.0712884,22.89946702
1894864827,Amazona oratrix,-98.334167,21.655
1894864820,Amazona oratrix,-98.01,25.9
1894864811,Amazona oratrix,-97.77,25.883333
1894864791,Amazona oratrix,-97.847222,22.911111
1894864772,Amazona oratrix,-98.25,21.835278
1894864742,Amazona oratrix,-98.221667,21.838333
1894864651,Amazona oratrix,-97.847222,22.911111
1894437900,Amazona oratrix,-90.068333,18.979722
1894437895,Amazona oratrix,-89.301111,18.814444
1894437874,Amazona oratrix,-90.054722,18.964167
1894437831,Amazona oratrix,-90.068333,18.979722
1894437789,Amazona oratrix,-91.967278,18.616351
1894437766,Amazona oratrix,-90.035833,18.996111
1893921768,Amazona oratrix,-97.892194,23.801917
1890054234,Amazona oratrix,-92.46844,18.309979
1571176386,Amazona oratrix,-100.376256,25.63928
1453430615,Amazona oratrix,-100.910573,22.022869
1453390749,Amazona oratrix,-98.912916,22.067209
1453210845,Amazona oratrix,-98.804793,21.937907
143823806,Amazona oratrix,-97.717,15.983
143823805,Amazona oratrix,-97.717,15.983
143823804,Amazona oratrix,-97.717,15.983
143823292,Amazona oratrix,-94.63,16.451
1291104415,Amazona oratrix,-100.297652,25.634435
1132411287,Amazona oratrix,-91.874597,18.600821
1098908783,Amazona oratrix,-100.365647,25.763211
1088925396,Amazona oratrix,-88.545839,17.699842
1065586827,Amazona oratrix,-91.978764,18.71206
1042823000,Amazona oratrix,-92.585651,18.242149
18944377600,Amazona oratrix,-94.51299404,18.09129354
1894437831,Amazona oratrix,-91.61068662,17.81061508
1894437839,Amazona oratrix,-91.50485662,17.88082641
189443788,Amazona oratrix,-91.59465177,17.86861773
189443795,Amazona oratrix,22.55002119,-97.99871451
